{
    "88116": {
        "number": 88116,
        "title": "[v11.0.x] Docs/usman plugin mgmt",
        "scores": {
            "all_MiniLM_L12": 0.37526118755340576
        }
    },
    "87811": {
        "number": 87811,
        "title": "alerting: adding links to get-started tutorial",
        "scores": {
            "all_MiniLM_L12": 0.2930286228656769
        }
    },
    "89070": {
        "number": 89070,
        "title": "[v11.0.x] feat: Updated whats-new-in-v11-0.md with release video",
        "scores": {
            "all_MiniLM_L12": 0.29282790422439575
        }
    },
    "87538": {
        "number": 87538,
        "title": "alerting: integrations > small update",
        "scores": {
            "all_MiniLM_L12": 0.28452759981155396
        }
    },
    "86369": {
        "number": 86369,
        "title": "Docs: What\u2019s new & Upgrade guide & Breaking changes v11.0",
        "scores": {
            "all_MiniLM_L12": 0.2841668128967285
        }
    },
    "87887": {
        "number": 87887,
        "title": "Manual Backport #87811 to v11.0.x",
        "scores": {
            "all_MiniLM_L12": 0.2820473909378052
        }
    },
    "89068": {
        "number": 89068,
        "title": "[v11.0.x] Added Grafana Play Links to Panel visualization docs",
        "scores": {
            "all_MiniLM_L12": 0.2802397906780243
        }
    },
    "87953": {
        "number": 87953,
        "title": "feat: Updated whats-new-in-v11-0.md with release video",
        "scores": {
            "all_MiniLM_L12": 0.2800159454345703
        }
    },
    "87955": {
        "number": 87955,
        "title": "alerting: contact points - links",
        "scores": {
            "all_MiniLM_L12": 0.27829593420028687
        }
    },
    "87975": {
        "number": 87975,
        "title": "grafana fundamentals fix",
        "scores": {
            "all_MiniLM_L12": 0.2768963873386383
        }
    },
    "88706": {
        "number": 88706,
        "title": "[v11.0.x] Plugins: Don't forward cookies for app plugins",
        "scores": {
            "all_MiniLM_L12": 0.2761074900627136
        }
    },
    "88901": {
        "number": 88901,
        "title": "added youtube video link",
        "scores": {
            "all_MiniLM_L12": 0.27196627855300903
        }
    },
    "87673": {
        "number": 87673,
        "title": "Backport #87538 to v11.0.x",
        "scores": {
            "all_MiniLM_L12": 0.2706983685493469
        }
    },
    "88401": {
        "number": 88401,
        "title": "[v11.0.x] Docs: Update Grafana Teams documentation",
        "scores": {
            "all_MiniLM_L12": 0.2667016088962555
        }
    },
    "88995": {
        "number": 88995,
        "title": "Added Grafana Play Links to Panel visualization docs",
        "scores": {
            "all_MiniLM_L12": 0.262812077999115
        }
    },
    "89269": {
        "number": 89269,
        "title": "alerting: notes on label matchers",
        "scores": {
            "all_MiniLM_L12": 0.26073598861694336
        }
    },
    "88756": {
        "number": 88756,
        "title": "docs: alerting: clarify which panels support alerts",
        "scores": {
            "all_MiniLM_L12": 0.2597123682498932
        }
    },
    "88663": {
        "number": 88663,
        "title": "Plugins: Don't forward cookies for app plugins",
        "scores": {
            "all_MiniLM_L12": 0.25159332156181335
        }
    },
    "87720": {
        "number": 87720,
        "title": "[v11.0.x] Docs: What\u2019s new & Upgrade guide & Breaking changes v11.0",
        "scores": {
            "all_MiniLM_L12": 0.24665328860282898
        }
    },
    "87755": {
        "number": 87755,
        "title": "[v11.0.x] docs: add flame graph play link",
        "scores": {
            "all_MiniLM_L12": 0.24165260791778564
        }
    },
    "87674": {
        "number": 87674,
        "title": "alerting: PD - typo fix",
        "scores": {
            "all_MiniLM_L12": 0.23244059085845947
        }
    },
    "87443": {
        "number": 87443,
        "title": "docs: update news visualization",
        "scores": {
            "all_MiniLM_L12": 0.23187582194805145
        }
    },
    "87892": {
        "number": 87892,
        "title": "alerting: Improve documentation regarding linking and visualizing alert rules in dashboards",
        "scores": {
            "all_MiniLM_L12": 0.22846609354019165
        }
    },
    "89416": {
        "number": 89416,
        "title": "[v11.0.x] Document Unix ms format for time type parsing",
        "scores": {
            "all_MiniLM_L12": 0.22741684317588806
        }
    },
    "87992": {
        "number": 87992,
        "title": "[v11.0.x] grafana fundamentals fix",
        "scores": {
            "all_MiniLM_L12": 0.21266070008277893
        }
    },
    "88465": {
        "number": 88465,
        "title": "Docs: Add Installation YouTube Videos to documentation pages.",
        "scores": {
            "all_MiniLM_L12": 0.21120977401733398
        }
    },
    "87498": {
        "number": 87498,
        "title": "docs: add flame graph play link",
        "scores": {
            "all_MiniLM_L12": 0.20800191164016724
        }
    },
    "87918": {
        "number": 87918,
        "title": "[v11.0.x] alerting: Improve documentation regarding linking and visualizing alert rules in dashboards",
        "scores": {
            "all_MiniLM_L12": 0.19927087426185608
        }
    },
    "89246": {
        "number": 89246,
        "title": "[v11.0.x] Fix typo in dashboard-variables destinations and also use Grafana Cloud docs if they exist",
        "scores": {
            "all_MiniLM_L12": 0.19840258359909058
        }
    },
    "85222": {
        "number": 85222,
        "title": "Explore: lookup datasource by name when present in legacy URLs",
        "scores": {
            "all_MiniLM_L12": 0.19534039497375488
        }
    },
    "88352": {
        "number": 88352,
        "title": "Docs: Update Okta docs",
        "scores": {
            "all_MiniLM_L12": 0.18982598185539246
        }
    },
    "88598": {
        "number": 88598,
        "title": "[v11.0.x] [docs/sources/datasources/prometheus/configure-prometheus-data-source] Replace outdated text content in the Grafana UI with updated content",
        "scores": {
            "all_MiniLM_L12": 0.18714986741542816
        }
    },
    "87865": {
        "number": 87865,
        "title": "[v11.0.x] Docs: Adds video embed for the Understanding Dashboards youtube video",
        "scores": {
            "all_MiniLM_L12": 0.18644869327545166
        }
    },
    "88054": {
        "number": 88054,
        "title": "[v11.0.x] [docs/sources/alerting] Replace docs/reference shortcode with ref URIs",
        "scores": {
            "all_MiniLM_L12": 0.18616490066051483
        }
    },
    "87698": {
        "number": 87698,
        "title": "[v11.0.x] alerting: PD - typo fix",
        "scores": {
            "all_MiniLM_L12": 0.18324944376945496
        }
    },
    "88840": {
        "number": 88840,
        "title": "Docs: Updating documentation for `angular_support_enabled`",
        "scores": {
            "all_MiniLM_L12": 0.18218517303466797
        }
    },
    "89244": {
        "number": 89244,
        "title": "Fix typo in dashboard-variables destinations and also use Grafana Cloud docs if they exist",
        "scores": {
            "all_MiniLM_L12": 0.18109266459941864
        }
    },
    "88060": {
        "number": 88060,
        "title": "[v11.0.x] [docs/sources/dashboards] Replace docs/reference shortcode with ref URIs",
        "scores": {
            "all_MiniLM_L12": 0.17965403199195862
        }
    },
    "89081": {
        "number": 89081,
        "title": "v11.0.x Docs: Updates to the Grafana enterprise data source intro page",
        "scores": {
            "all_MiniLM_L12": 0.17924655973911285
        }
    },
    "88852": {
        "number": 88852,
        "title": "[v11.0.x] Docs: Updating documentation for `angular_support_enabled`",
        "scores": {
            "all_MiniLM_L12": 0.17640265822410583
        }
    },
    "88063": {
        "number": 88063,
        "title": "[v11.0.x] [docs/sources/developers] Replace docs/reference shortcode with ref URIs",
        "scores": {
            "all_MiniLM_L12": 0.17619547247886658
        }
    },
    "87738": {
        "number": 87738,
        "title": "[v11.0.x] docs: add histogram play link",
        "scores": {
            "all_MiniLM_L12": 0.17360801994800568
        }
    },
    "87815": {
        "number": 87815,
        "title": "docs: update alert list visualization",
        "scores": {
            "all_MiniLM_L12": 0.1733921468257904
        }
    },
    "87494": {
        "number": 87494,
        "title": "docs: update dashboard list visualization",
        "scores": {
            "all_MiniLM_L12": 0.17305612564086914
        }
    },
    "87462": {
        "number": 87462,
        "title": "docs: add canvas button example play link",
        "scores": {
            "all_MiniLM_L12": 0.17258626222610474
        }
    },
    "87913": {
        "number": 87913,
        "title": "PublicDashboards: Public dashboard refreshed when access token changes",
        "scores": {
            "all_MiniLM_L12": 0.17241203784942627
        }
    },
    "87760": {
        "number": 87760,
        "title": "[v11.0.x] docs: update news visualization",
        "scores": {
            "all_MiniLM_L12": 0.1716504991054535
        }
    },
    "88055": {
        "number": 88055,
        "title": "[v11.0.x] [docs/sources/fundamentals] Replace docs/reference shortcode with ref URIs",
        "scores": {
            "all_MiniLM_L12": 0.17006225883960724
        }
    },
    "87817": {
        "number": 87817,
        "title": "[v11.0.x] docs: add dashboard list play link",
        "scores": {
            "all_MiniLM_L12": 0.16998355090618134
        }
    },
    "87730": {
        "number": 87730,
        "title": "[v11.0.x] docs: add canvas button example play link",
        "scores": {
            "all_MiniLM_L12": 0.16965351998806
        }
    },
    "87993": {
        "number": 87993,
        "title": "[v11.0.x] Snapshots: Render Dashboard controls in Scenes View",
        "scores": {
            "all_MiniLM_L12": 0.16857969760894775
        }
    },
    "89374": {
        "number": 89374,
        "title": "[v11.0.x] Fix: Portuguese Brazilian wasn't loading translations",
        "scores": {
            "all_MiniLM_L12": 0.1677851676940918
        }
    },
    "88894": {
        "number": 88894,
        "title": "[v11.0.x] User: Fix GetByID",
        "scores": {
            "all_MiniLM_L12": 0.16671353578567505
        }
    },
    "89299": {
        "number": 89299,
        "title": "Analytics: Fix ApplicationInsights integration",
        "scores": {
            "all_MiniLM_L12": 0.166678324341774
        }
    },
    "89130": {
        "number": 89130,
        "title": "[v11.0.x] BrowseDashboards: Prepend subpath to New Browse Dashboard actions",
        "scores": {
            "all_MiniLM_L12": 0.1650579869747162
        }
    },
    "88056": {
        "number": 88056,
        "title": "[v11.0.x] [docs/sources/panels-visualizations] Replace docs/reference shortcode with ref URIs",
        "scores": {
            "all_MiniLM_L12": 0.16153457760810852
        }
    },
    "87449": {
        "number": 87449,
        "title": "Docs: Adds video embed for the Understanding Dashboards youtube video",
        "scores": {
            "all_MiniLM_L12": 0.16057804226875305
        }
    },
    "88053": {
        "number": 88053,
        "title": "[v11.0.x] [docs/sources/datasources] Replace docs/reference shortcode with ref URIs",
        "scores": {
            "all_MiniLM_L12": 0.15990082919597626
        }
    },
    "85225": {
        "number": 85225,
        "title": "Revert \"ci(docs): Disable tag requirement for pushing release docs\"",
        "scores": {
            "all_MiniLM_L12": 0.15873274207115173
        }
    },
    "87807": {
        "number": 87807,
        "title": "docs: add dashboard list play link",
        "scores": {
            "all_MiniLM_L12": 0.15742886066436768
        }
    },
    "87963": {
        "number": 87963,
        "title": "manual backport (#87955)",
        "scores": {
            "all_MiniLM_L12": 0.1570148766040802
        }
    },
    "88148": {
        "number": 88148,
        "title": "[v11.0.x] docs: update dashboard list visualization",
        "scores": {
            "all_MiniLM_L12": 0.15688398480415344
        }
    },
    "87466": {
        "number": 87466,
        "title": "docs: add histogram play link",
        "scores": {
            "all_MiniLM_L12": 0.15489983558654785
        }
    },
    "88845": {
        "number": 88845,
        "title": "Chore: Removing editor.html from angular patterns",
        "scores": {
            "all_MiniLM_L12": 0.15407654643058777
        }
    },
    "87824": {
        "number": 87824,
        "title": "[v11.0.x] postgres/mysql: improve macro docs",
        "scores": {
            "all_MiniLM_L12": 0.15306343138217926
        }
    },
    "87734": {
        "number": 87734,
        "title": "[v11.0.x] docs: add heatmap play link",
        "scores": {
            "all_MiniLM_L12": 0.15140336751937866
        }
    },
    "88265": {
        "number": 88265,
        "title": "[v11.0.x] Alerting docs: adds note on provisioning to main page",
        "scores": {
            "all_MiniLM_L12": 0.150726318359375
        }
    },
    "89493": {
        "number": 89493,
        "title": "[v11.0.x] Echo: Suppress errors from frontend-metrics API call failing",
        "scores": {
            "all_MiniLM_L12": 0.14872318506240845
        }
    },
    "85408": {
        "number": 85408,
        "title": "Chore: Fix test to retry fetching provisioned dashboard until is in place",
        "scores": {
            "all_MiniLM_L12": 0.14870986342430115
        }
    },
    "87753": {
        "number": 87753,
        "title": "[v11.0.x] docs: add text panel play link",
        "scores": {
            "all_MiniLM_L12": 0.14866751432418823
        }
    },
    "87769": {
        "number": 87769,
        "title": "Scenes: Fix snapshot rendering",
        "scores": {
            "all_MiniLM_L12": 0.14815732836723328
        }
    },
    "88848": {
        "number": 88848,
        "title": "docs: alerting: manual backport (#88756)",
        "scores": {
            "all_MiniLM_L12": 0.14767995476722717
        }
    },
    "87464": {
        "number": 87464,
        "title": "docs: add heatmap play link",
        "scores": {
            "all_MiniLM_L12": 0.1471846103668213
        }
    },
    "87983": {
        "number": 87983,
        "title": "[v11.0.x] Docs: public dashboards fixes",
        "scores": {
            "all_MiniLM_L12": 0.14560566842556
        }
    },
    "88236": {
        "number": 88236,
        "title": "Alerting docs: Fix `Alertmanager` canonical setting",
        "scores": {
            "all_MiniLM_L12": 0.14386528730392456
        }
    },
    "88992": {
        "number": 88992,
        "title": "Alerting: Fix rule storage to filter by group names using case-sensitive comparison",
        "scores": {
            "all_MiniLM_L12": 0.14375193417072296
        }
    },
    "88246": {
        "number": 88246,
        "title": "[v11.0.x] Alerting docs: Fix `Alertmanager` canonical setting",
        "scores": {
            "all_MiniLM_L12": 0.14266327023506165
        }
    },
    "88477": {
        "number": 88477,
        "title": "[v11.0.x] DashboardAI: Reformat prompts to have a single system prompt",
        "scores": {
            "all_MiniLM_L12": 0.14252205193042755
        }
    },
    "87620": {
        "number": 87620,
        "title": "[v11.0.x] [DOC] Adds missing link to Pyroscope core data source",
        "scores": {
            "all_MiniLM_L12": 0.14120882749557495
        }
    },
    "87972": {
        "number": 87972,
        "title": "Snapshots: Render Dashboard controls in Scenes View",
        "scores": {
            "all_MiniLM_L12": 0.14079175889492035
        }
    },
    "89314": {
        "number": 89314,
        "title": "Notifications: Do not log email address in error message",
        "scores": {
            "all_MiniLM_L12": 0.13743028044700623
        }
    },
    "87772": {
        "number": 87772,
        "title": "docs: Update link to Loki Get Started",
        "scores": {
            "all_MiniLM_L12": 0.13641653954982758
        }
    },
    "88006": {
        "number": 88006,
        "title": "Alerting: Fix scheduler to sort rules before evaluation",
        "scores": {
            "all_MiniLM_L12": 0.13601472973823547
        }
    },
    "88264": {
        "number": 88264,
        "title": "Alerting docs: adds note on provisioning to main page",
        "scores": {
            "all_MiniLM_L12": 0.1338862180709839
        }
    },
    "89327": {
        "number": 89327,
        "title": "backport alerting: notes on label matchers (#89269)",
        "scores": {
            "all_MiniLM_L12": 0.13239765167236328
        }
    },
    "88175": {
        "number": 88175,
        "title": "[v11.0.x] docs: update alert list visualization",
        "scores": {
            "all_MiniLM_L12": 0.13019536435604095
        }
    },
    "88937": {
        "number": 88937,
        "title": "[v11.0.x] Chore: Fix test to retry fetching provisioned dashboard until is in place",
        "scores": {
            "all_MiniLM_L12": 0.12962165474891663
        }
    },
    "88021": {
        "number": 88021,
        "title": "[v11.0.x] Alerting: Fix scheduler to sort rules before evaluation",
        "scores": {
            "all_MiniLM_L12": 0.1293681561946869
        }
    },
    "88502": {
        "number": 88502,
        "title": "[v11.0.x] Docs: Update Okta docs",
        "scores": {
            "all_MiniLM_L12": 0.12849463522434235
        }
    },
    "87497": {
        "number": 87497,
        "title": "docs: add text panel play link",
        "scores": {
            "all_MiniLM_L12": 0.12824589014053345
        }
    },
    "87258": {
        "number": 87258,
        "title": "Docs: add panel options shared content",
        "scores": {
            "all_MiniLM_L12": 0.12801715731620789
        }
    },
    "87940": {
        "number": 87940,
        "title": "[v11.0.x] Docs: Add annotated image and updated feature overview list",
        "scores": {
            "all_MiniLM_L12": 0.1270345151424408
        }
    },
    "89109": {
        "number": 89109,
        "title": "BrowseDashboards: Prepend subpath to New Browse Dashboard actions",
        "scores": {
            "all_MiniLM_L12": 0.126964271068573
        }
    },
    "86282": {
        "number": 86282,
        "title": "User: Fix GetByID",
        "scores": {
            "all_MiniLM_L12": 0.12653817236423492
        }
    },
    "89379": {
        "number": 89379,
        "title": "Echo: Suppress errors from frontend-metrics API call failing",
        "scores": {
            "all_MiniLM_L12": 0.12648388743400574
        }
    },
    "87723": {
        "number": 87723,
        "title": "DashboardScene: Re-enabled skipped scenes e2e tests due to bugs",
        "scores": {
            "all_MiniLM_L12": 0.12525352835655212
        }
    },
    "87792": {
        "number": 87792,
        "title": "Release: Bump version to 11.0.1",
        "scores": {
            "all_MiniLM_L12": 0.12488585710525513
        }
    },
    "88167": {
        "number": 88167,
        "title": "[v11.0.x] Ensure all Panels and visualizations pages have /docs/grafana links too",
        "scores": {
            "all_MiniLM_L12": 0.12483111768960953
        }
    },
    "87870": {
        "number": 87870,
        "title": "Docs: public dashboards fixes",
        "scores": {
            "all_MiniLM_L12": 0.12464635819196701
        }
    },
    "87916": {
        "number": 87916,
        "title": "[v11.0.x] PublicDashboards: Public dashboard refreshed when access token changes",
        "scores": {
            "all_MiniLM_L12": 0.12315428256988525
        }
    },
    "88583": {
        "number": 88583,
        "title": "[v11.0.x] Docs: add pinning of terraform for migration",
        "scores": {
            "all_MiniLM_L12": 0.12281139940023422
        }
    },
    "87830": {
        "number": 87830,
        "title": "[v11.0.x] Update JWT auth page",
        "scores": {
            "all_MiniLM_L12": 0.12256298959255219
        }
    },
    "89513": {
        "number": 89513,
        "title": "[v11.0.x] Docs: Fixed broken links on Prometheus data source page",
        "scores": {
            "all_MiniLM_L12": 0.1190386712551117
        }
    },
    "89063": {
        "number": 89063,
        "title": "[v11.0.x] Alerting: Fix rule storage to filter by group names using case-sensitive comparison",
        "scores": {
            "all_MiniLM_L12": 0.11524149775505066
        }
    },
    "87562": {
        "number": 87562,
        "title": "Discard the entire panel if is newly added",
        "scores": {
            "all_MiniLM_L12": 0.11469405889511108
        }
    },
    "88528": {
        "number": 88528,
        "title": "Docs: add pinning of terraform for migration",
        "scores": {
            "all_MiniLM_L12": 0.11058352887630463
        }
    },
    "87756": {
        "number": 87756,
        "title": "[v11.0.x] docs: add geomap play link",
        "scores": {
            "all_MiniLM_L12": 0.10962948203086853
        }
    },
    "87833": {
        "number": 87833,
        "title": "Docs: Add annotated image and updated feature overview list",
        "scores": {
            "all_MiniLM_L12": 0.1080583781003952
        }
    },
    "88649": {
        "number": 88649,
        "title": "Docs: Add Installation YouTube Videos to documentation pages. (#88465)",
        "scores": {
            "all_MiniLM_L12": 0.10585089027881622
        }
    },
    "89485": {
        "number": 89485,
        "title": "Docs: Fixed broken links on Prometheus data source page",
        "scores": {
            "all_MiniLM_L12": 0.10556666553020477
        }
    },
    "87469": {
        "number": 87469,
        "title": "docs: add geomap play link",
        "scores": {
            "all_MiniLM_L12": 0.10425551980733871
        }
    },
    "89000": {
        "number": 89000,
        "title": "[v11.0.x] Update index.md for Node, adding video to docs",
        "scores": {
            "all_MiniLM_L12": 0.10335944592952728
        }
    },
    "87274": {
        "number": 87274,
        "title": "[v11.0.x] Docs: add panel options shared content",
        "scores": {
            "all_MiniLM_L12": 0.09932657331228256
        }
    },
    "88846": {
        "number": 88846,
        "title": "[v11.0.x] Chore: Removing editor.html from angular patterns",
        "scores": {
            "all_MiniLM_L12": 0.098757803440094
        }
    },
    "88333": {
        "number": 88333,
        "title": "[v11.0.x] Dashboards: Detect unsaved folder change",
        "scores": {
            "all_MiniLM_L12": 0.0975630134344101
        }
    },
    "89134": {
        "number": 89134,
        "title": "[v11.0.x] DashboardScene: Fixes issue removing override rule",
        "scores": {
            "all_MiniLM_L12": 0.09726448357105255
        }
    },
    "88403": {
        "number": 88403,
        "title": "[v11.0.x] Discard the entire panel if is newly added",
        "scores": {
            "all_MiniLM_L12": 0.09643080830574036
        }
    },
    "88439": {
        "number": 88439,
        "title": "Dashboards: Correctly display Admin access to dashboards in the UI",
        "scores": {
            "all_MiniLM_L12": 0.09561288356781006
        }
    },
    "89300": {
        "number": 89300,
        "title": "[v11.0.x] Analytics: Fix ApplicationInsights integration",
        "scores": {
            "all_MiniLM_L12": 0.09538085013628006
        }
    },
    "88666": {
        "number": 88666,
        "title": "Loki: Fix editor history in wrong order",
        "scores": {
            "all_MiniLM_L12": 0.09148398041725159
        }
    },
    "86408": {
        "number": 86408,
        "title": "DashboardScene: Fixes checkbox orienation in save forms",
        "scores": {
            "all_MiniLM_L12": 0.08997127413749695
        }
    },
    "88485": {
        "number": 88485,
        "title": "Scenes: Update to latest 4.23.1 -> 4.24.4",
        "scores": {
            "all_MiniLM_L12": 0.08937826752662659
        }
    },
    "88293": {
        "number": 88293,
        "title": "Dashboards: Detect unsaved folder change",
        "scores": {
            "all_MiniLM_L12": 0.0860304906964302
        }
    },
    "87806": {
        "number": 87806,
        "title": "[v11.0.x] Explore: lookup datasource by name when present in legacy URLs (#85222)",
        "scores": {
            "all_MiniLM_L12": 0.08337508141994476
        }
    },
    "87776": {
        "number": 87776,
        "title": "[v11.0.x] docs: Update link to Loki Get Started",
        "scores": {
            "all_MiniLM_L12": 0.0833149254322052
        }
    },
    "89204": {
        "number": 89204,
        "title": "Use ref URIs with the reference style links",
        "scores": {
            "all_MiniLM_L12": 0.08315205574035645
        }
    },
    "87058": {
        "number": 87058,
        "title": "Docs: update headings and add release info",
        "scores": {
            "all_MiniLM_L12": 0.08298000693321228
        }
    },
    "87970": {
        "number": 87970,
        "title": "[v11.0.x] Update `make docs` procedure",
        "scores": {
            "all_MiniLM_L12": 0.08273696899414062
        }
    },
    "86490": {
        "number": 86490,
        "title": "[v11.0.x] DashboardScene: Fixes checkbox orienation in save forms",
        "scores": {
            "all_MiniLM_L12": 0.08213557302951813
        }
    },
    "88572": {
        "number": 88572,
        "title": "AzureMonitor: Fix bug detecting app insights queries",
        "scores": {
            "all_MiniLM_L12": 0.08192272484302521
        }
    },
    "88407": {
        "number": 88407,
        "title": "[v11.0.x] Update `make docs` procedure",
        "scores": {
            "all_MiniLM_L12": 0.0814426839351654
        }
    },
    "85488": {
        "number": 85488,
        "title": "Alerting/Annotations: Return nothing from historian store if filtering by tags",
        "scores": {
            "all_MiniLM_L12": 0.08140787482261658
        }
    },
    "88510": {
        "number": 88510,
        "title": "[v11.0.x] Scenes: Update to latest 4.23.1 -> 4.24.4",
        "scores": {
            "all_MiniLM_L12": 0.07963842898607254
        }
    },
    "88090": {
        "number": 88090,
        "title": "[v11.0.x] Alerting: Fix typo in JSON response for rule export.",
        "scores": {
            "all_MiniLM_L12": 0.07913541793823242
        }
    },
    "87838": {
        "number": 87838,
        "title": "[v11.0.x] DashboardScene: Default `hoverHeaderOffset` to 0",
        "scores": {
            "all_MiniLM_L12": 0.07861438393592834
        }
    },
    "88787": {
        "number": 88787,
        "title": "[v11.0.x] AzureMonitor: Fix bug detecting app insights queries",
        "scores": {
            "all_MiniLM_L12": 0.07846556603908539
        }
    },
    "87627": {
        "number": 87627,
        "title": "[v11.0.x] AdHocFilters: Use queries in ad hoc filters api calls",
        "scores": {
            "all_MiniLM_L12": 0.0717729777097702
        }
    },
    "88915": {
        "number": 88915,
        "title": "User: add second migration for lowercasing login/email of users",
        "scores": {
            "all_MiniLM_L12": 0.07082847505807877
        }
    },
    "88398": {
        "number": 88398,
        "title": "LogsTable: Fix default sort by time",
        "scores": {
            "all_MiniLM_L12": 0.0689687579870224
        }
    },
    "88028": {
        "number": 88028,
        "title": "Alerting: Fix typo in JSON response for rule export.",
        "scores": {
            "all_MiniLM_L12": 0.06611180305480957
        }
    },
    "88261": {
        "number": 88261,
        "title": "Update proxy/index.md",
        "scores": {
            "all_MiniLM_L12": 0.0656740739941597
        }
    },
    "87757": {
        "number": 87757,
        "title": "[v11.0.x] Docs: update headings and add release info",
        "scores": {
            "all_MiniLM_L12": 0.06243414431810379
        }
    },
    "88422": {
        "number": 88422,
        "title": "LibraryPanels/RBAC: Ignore old folder permission check when deleting/patching lib panel",
        "scores": {
            "all_MiniLM_L12": 0.0623011589050293
        }
    },
    "88599": {
        "number": 88599,
        "title": "RBAC: List only the folders that the user has access to",
        "scores": {
            "all_MiniLM_L12": 0.06193479895591736
        }
    },
    "88100": {
        "number": 88100,
        "title": "[v11.0.x] DashboardScene: Re-enabled skipped scenes e2e tests due to bugs",
        "scores": {
            "all_MiniLM_L12": 0.061788447201251984
        }
    },
    "87624": {
        "number": 87624,
        "title": "AdHocFilters: Use queries in ad hoc filters api calls",
        "scores": {
            "all_MiniLM_L12": 0.06093922257423401
        }
    },
    "89478": {
        "number": 89478,
        "title": "[v11.0.x] Docs: Fix broken link",
        "scores": {
            "all_MiniLM_L12": 0.06040980666875839
        }
    },
    "88703": {
        "number": 88703,
        "title": "[v11.0.x] Update proxy/index.md",
        "scores": {
            "all_MiniLM_L12": 0.05785592645406723
        }
    },
    "87791": {
        "number": 87791,
        "title": "[v11.0.x] Changelog: Updated changelog for 11.0.0",
        "scores": {
            "all_MiniLM_L12": 0.0576435849070549
        }
    },
    "89425": {
        "number": 89425,
        "title": "[v11.0.x] Docs: correct tracesToLogsV2 example span time shifts",
        "scores": {
            "all_MiniLM_L12": 0.05759572610259056
        }
    },
    "87788": {
        "number": 87788,
        "title": "DashboardScene: Skip panel repeats when values are the same",
        "scores": {
            "all_MiniLM_L12": 0.05632411688566208
        }
    },
    "88941": {
        "number": 88941,
        "title": "Update index.md for Node, adding video to docs",
        "scores": {
            "all_MiniLM_L12": 0.054673369973897934
        }
    },
    "88862": {
        "number": 88862,
        "title": "[v11.0.x] DashboardScene: Fixes inspect with transforms issue",
        "scores": {
            "all_MiniLM_L12": 0.05433734133839607
        }
    },
    "88718": {
        "number": 88718,
        "title": "DashboardScene: Fixes issue with some query editors to not adapt to width changes",
        "scores": {
            "all_MiniLM_L12": 0.0503770187497139
        }
    },
    "88917": {
        "number": 88917,
        "title": "[v11.0.x] User: add second migration for lowercasing login/email of users",
        "scores": {
            "all_MiniLM_L12": 0.04981159791350365
        }
    },
    "88473": {
        "number": 88473,
        "title": "[v11.0.x] Dashboards: Correctly display Admin access to dashboards in the UI",
        "scores": {
            "all_MiniLM_L12": 0.04860130324959755
        }
    },
    "88796": {
        "number": 88796,
        "title": "DashboardScene: Fixes lack of re-render when updating field override properties",
        "scores": {
            "all_MiniLM_L12": 0.046948619186878204
        }
    },
    "89015": {
        "number": 89015,
        "title": "[v11.0.x] RBAC: List only the folders that the user has access to",
        "scores": {
            "all_MiniLM_L12": 0.046686746180057526
        }
    },
    "88221": {
        "number": 88221,
        "title": "Alerting: Fix rules deleting when reordering whilst filtered",
        "scores": {
            "all_MiniLM_L12": 0.04615415632724762
        }
    },
    "88285": {
        "number": 88285,
        "title": "[v11.0.x] Alerting: Fix rules deleting when reordering whilst filtered",
        "scores": {
            "all_MiniLM_L12": 0.0451527014374733
        }
    },
    "89501": {
        "number": 89501,
        "title": "[v11.0.x] Notifications: Do not log email address in error message",
        "scores": {
            "all_MiniLM_L12": 0.045151956379413605
        }
    },
    "88738": {
        "number": 88738,
        "title": "[v11.0.x] DashboardScene: Fixes issue with some query editors to not adapt to width changes",
        "scores": {
            "all_MiniLM_L12": 0.045135244727134705
        }
    },
    "88434": {
        "number": 88434,
        "title": "[v11.0.x] LogsTable: Fix default sort by time",
        "scores": {
            "all_MiniLM_L12": 0.04366046562790871
        }
    },
    "87922": {
        "number": 87922,
        "title": "Update helm docs - removed enterprise tag from product labels",
        "scores": {
            "all_MiniLM_L12": 0.043285071849823
        }
    },
    "88843": {
        "number": 88843,
        "title": "DashboardScene: Fixes inspect with transforms issue",
        "scores": {
            "all_MiniLM_L12": 0.042856648564338684
        }
    },
    "89441": {
        "number": 89441,
        "title": "Docs: Fix broken link",
        "scores": {
            "all_MiniLM_L12": 0.04208923503756523
        }
    },
    "88982": {
        "number": 88982,
        "title": "[v11.0.x] Transformations: Keep original `field.labels.name` when joining frames",
        "scores": {
            "all_MiniLM_L12": 0.041745785623788834
        }
    },
    "87561": {
        "number": 87561,
        "title": "DashboardScene: Default `hoverHeaderOffset` to 0",
        "scores": {
            "all_MiniLM_L12": 0.04164531081914902
        }
    },
    "87845": {
        "number": 87845,
        "title": "[v11.0.x] Alerting: Do not store series values from past evaluations in state manager for no reason",
        "scores": {
            "all_MiniLM_L12": 0.041286446154117584
        }
    },
    "88873": {
        "number": 88873,
        "title": "Transformations: Keep original `field.labels.name` when joining frames",
        "scores": {
            "all_MiniLM_L12": 0.03652877360582352
        }
    },
    "87896": {
        "number": 87896,
        "title": "[v11.0.x] DashboardScene: Skip panel repeats when values are the same",
        "scores": {
            "all_MiniLM_L12": 0.034981563687324524
        }
    },
    "87936": {
        "number": 87936,
        "title": "[v11.0.x] Alerting: use logger with same context within rule scheduling loop",
        "scores": {
            "all_MiniLM_L12": 0.03441428765654564
        }
    },
    "88669": {
        "number": 88669,
        "title": "[v11.0.x] Loki: Fix editor history in wrong order",
        "scores": {
            "all_MiniLM_L12": 0.03228630870580673
        }
    },
    "87999": {
        "number": 87999,
        "title": "[v11.0.x] Azure: Fix for username assertion",
        "scores": {
            "all_MiniLM_L12": 0.030479148030281067
        }
    },
    "88903": {
        "number": 88903,
        "title": "[v11.0.x] added youtube video link",
        "scores": {
            "all_MiniLM_L12": 0.029970083385705948
        }
    },
    "88190": {
        "number": 88190,
        "title": "[v11.0.x] Docs: Fixed heading level",
        "scores": {
            "all_MiniLM_L12": 0.028665516525506973
        }
    },
    "88985": {
        "number": 88985,
        "title": "[v11.0.x] DashboardScene: Fixes lack of re-render when updating field override properties",
        "scores": {
            "all_MiniLM_L12": 0.028183551505208015
        }
    },
    "87525": {
        "number": 87525,
        "title": "Alerting: Do not store series values from past evaluations in state manager for no reason",
        "scores": {
            "all_MiniLM_L12": 0.024844467639923096
        }
    },
    "87539": {
        "number": 87539,
        "title": "DashboardScene: Fixing major row repeat issues",
        "scores": {
            "all_MiniLM_L12": 0.022859979420900345
        }
    },
    "87853": {
        "number": 87853,
        "title": "Azure: Fix for username assertion",
        "scores": {
            "all_MiniLM_L12": 0.01736324653029442
        }
    },
    "88140": {
        "number": 88140,
        "title": "[v11.0.x] Alerting/Annotations: Return nothing from historian store if filtering by tags",
        "scores": {
            "all_MiniLM_L12": 0.013393224216997623
        }
    },
    "87844": {
        "number": 87844,
        "title": "Docs: Rename variables pages",
        "scores": {
            "all_MiniLM_L12": 0.012873522937297821
        }
    },
    "87770": {
        "number": 87770,
        "title": "[v11.0.x] Scenes: Fix snapshot rendering",
        "scores": {
            "all_MiniLM_L12": 0.01277771033346653
        }
    },
    "87800": {
        "number": 87800,
        "title": "[v11.0.x] DashboardScene: Fixing major row repeat issues",
        "scores": {
            "all_MiniLM_L12": 0.00838616956025362
        }
    },
    "87790": {
        "number": 87790,
        "title": "Changelog: Updated changelog for 11.0.0",
        "scores": {
            "all_MiniLM_L12": 0.001510506495833397
        }
    },
    "88521": {
        "number": 88521,
        "title": "SSE: Fix threshold unmarshal to avoid panic",
        "scores": {
            "all_MiniLM_L12": -0.0005555320531129837
        }
    },
    "88188": {
        "number": 88188,
        "title": "Docs: Fixed heading level",
        "scores": {
            "all_MiniLM_L12": -0.001156473532319069
        }
    },
    "87934": {
        "number": 87934,
        "title": "Alerting: use logger with same context within rule scheduling loop",
        "scores": {
            "all_MiniLM_L12": -0.0021667759865522385
        }
    },
    "87875": {
        "number": 87875,
        "title": "[sql expressions] fix: use ast to read tables (#87867) - backport",
        "scores": {
            "all_MiniLM_L12": -0.007043788209557533
        }
    },
    "88493": {
        "number": 88493,
        "title": "[v11.0.x] LibraryPanels/RBAC: Ignore old folder permission check when deleting/patching lib panel",
        "scores": {
            "all_MiniLM_L12": -0.013180500827729702
        }
    },
    "88651": {
        "number": 88651,
        "title": "[v11.0.x] SSE: Fix threshold unmarshal to avoid panic",
        "scores": {
            "all_MiniLM_L12": -0.017757965251803398
        }
    },
    "87867": {
        "number": 87867,
        "title": "[sql expressions] fix: use ast to read tables",
        "scores": {
            "all_MiniLM_L12": -0.018961545079946518
        }
    },
    "88252": {
        "number": 88252,
        "title": "[v11.0.x] Docs: Rename variables pages",
        "scores": {
            "all_MiniLM_L12": -0.02182164043188095
        }
    },
    "88690": {
        "number": 88690,
        "title": "Azure: Update resource group",
        "scores": {
            "all_MiniLM_L12": -0.0245882086455822
        }
    },
    "89092": {
        "number": 89092,
        "title": "[v11.0.x] Auth: Removal of conflicting users check upon creation",
        "scores": {
            "all_MiniLM_L12": -0.03286594897508621
        }
    },
    "88766": {
        "number": 88766,
        "title": "[v11.0.x] Azure: Update resource group",
        "scores": {
            "all_MiniLM_L12": -0.03379038721323013
        }
    },
    "88700": {
        "number": 88700,
        "title": "[v11.0.x] Access Control: Clean up permissions for deprovisioned data sources",
        "scores": {
            "all_MiniLM_L12": -0.03416015952825546
        }
    },
    "87928": {
        "number": 87928,
        "title": "[v11.0.x] Update helm docs - removed enterprise tag from product labels",
        "scores": {
            "all_MiniLM_L12": -0.038016919046640396
        }
    },
    "89045": {
        "number": 89045,
        "title": "Auth: Removal of conflicting users check upon creation",
        "scores": {
            "all_MiniLM_L12": -0.03869890794157982
        }
    },
    "88024": {
        "number": 88024,
        "title": "[v11.0.x] CloudMonitoring: Fix query type selection issue",
        "scores": {
            "all_MiniLM_L12": -0.06091797724366188
        }
    },
    "87990": {
        "number": 87990,
        "title": "CloudMonitoring: Fix query type selection issue",
        "scores": {
            "all_MiniLM_L12": -0.06410311162471771
        }
    },
    "89240": {
        "number": 89240,
        "title": "[v11.0.x] Use ref URIs with the reference style links",
        "scores": {
            "all_MiniLM_L12": -0.0694102942943573
        }
    }
}